date,capacity,resistance,CCCT,CVCT,SOH
2016/7/1 0:00,1.126384507,0.094009422,6613.059052,2251.498033,0.825174979
2016/7/2 0:00,1.126159816,0.091661021,6612.4028,2231.967052,0.815965106
2016/7/3 0:00,1.125965708,0.094648689,6608.560673,2228.216959,0.815976985
2016/7/4 0:00,1.118507686,0.091412842,6604.732222,2247.561061,0.825193911
2016/7/5 0:00,1.117210075,0.091412842,6629.211049,2077.692393,0.806900151
2016/7/6 0:00,1.113753551,0.088416383,6619.934535,2042.678389,0.797717083
2016/7/7 0:00,1.098818144,0.092305116,6519.983304,2166.889987,0.80681849
2016/7/8 0:00,1.096180326,0.093030766,6455.685388,2159.858662,0.797619139
2016/7/9 0:00,1.08987113,0.090849862,6427.498205,2151.903193,0.797626659
2016/7/10 0:00,1.087582295,0.091578141,6405.686007,2144.327434,0.788453979
2016/7/11 0:00,1.094747895,0.090685725,6392.936185,2104.736813,0.797704415
2016/7/12 0:00,1.095568286,0.089794911,6467.884833,2019.661806,0.788537508
2016/7/13 0:00,1.095432918,0.08898595,6483.685024,1983.587687,0.78853302
2016/7/14 0:00,1.095223222,0.08744695,6488.046997,1969.242196,0.788572509
2016/7/15 0:00,1.094804056,0.08744695,6489.313993,1959.570996,0.779400763
2016/7/16 0:00,1.094444882,0.086872682,6492.238835,1934.775282,0.779435624
2016/7/17 0:00,1.094044211,0.087526016,6494.006026,1922.338226,0.779426896
2016/7/18 0:00,1.093461422,0.087368026,6493.727088,1911.620217,0.779435712
2016/7/19 0:00,1.092733219,0.088097483,6489.351768,1905.245127,0.779431057
2016/7/20 0:00,1.088853679,0.086637259,6486.415079,1900.432855,0.779429823
2016/7/21 0:00,1.088381413,0.086637259,6482.556867,1898.245624,0.779420883
2016/7/22 0:00,1.087994962,0.085905157,6479.276517,1887.777287,0.779467749
2016/7/23 0:00,1.087629019,0.087368026,6477.371357,1880.70009,0.779460665
2016/7/24 0:00,1.087233549,0.085017867,6476.982651,1870.512688,0.779442616
2016/7/25 0:00,1.08679975,0.086559057,6472.948505,1871.075265,0.77944237
2016/7/26 0:00,1.086397688,0.086559057,6467.857552,1870.762968,0.779468603
2016/7/27 0:00,1.07646084,0.087368026,6462.951588,1843.574529,0.770195378
2016/7/28 0:00,1.068281322,0.089876033,6327.288716,2020.846216,0.770134385
2016/7/29 0:00,1.06187103,0.089794911,6286.11199,2028.892631,0.779297131
2016/7/30 0:00,1.060449954,0.089957289,6254.017459,2053.235307,0.770141649
2016/7/31 0:00,1.059070352,0.091412842,6235.032733,2054.469419,0.770112795
2016/8/1 0:00,1.068431632,0.088256642,6243.658904,1999.020468,0.779360619
2016/8/2 0:00,1.069764576,0.08898595,6331.608343,1931.726437,0.770220351
2016/8/3 0:00,1.061246736,0.086559057,6351.002998,1917.071365,0.761003077
2016/8/4 0:00,1.052803839,0.090685725,6234.596401,2050.59472,0.770123399
2016/8/5 0:00,1.051496984,0.089876033,6191.328954,2066.250257,0.76095265
2016/8/6 0:00,1.050788537,0.089227542,6177.485181,2067.547146,0.770114121
2016/8/7 0:00,1.049771042,0.090603873,6165.953764,2072.078002,0.770108218
2016/8/8 0:00,1.059165526,0.090685725,6173.891699,2017.800446,0.770163439
2016/8/9 0:00,1.060456277,0.08898595,6266.07618,1950.490852,0.761049156
2016/8/10 0:00,1.057632133,0.088176988,6286.531358,1932.492118,0.751852469
2016/8/11 0:00,1.048273703,0.089308366,6186.923483,2074.296834,0.770108296
2016/8/12 0:00,1.043392805,0.090685725,6137.297759,2071.281029,0.770084247
2016/8/13 0:00,1.042916764,0.089957289,6133.34506,2067.890614,0.770112835
2016/8/14 0:00,1.042017256,0.090767719,6126.939105,2072.28127,0.760917478
2016/8/15 0:00,1.04972441,0.089957289,6106.922548,2107.015414,0.760989704
2016/8/16 0:00,1.051906223,0.08898595,6201.511471,1969.880707,0.761020613
2016/8/17 0:00,1.056326663,0.088176988,6229.515004,1947.444562,0.751887641
2016/8/18 0:00,1.041467215,0.090603873,6187.191529,2057.422642,0.760933155
2016/8/19 0:00,1.041002884,0.090603873,6111.017508,2061.141001,0.760940648
2016/8/20 0:00,1.040485113,0.090603873,6102.220792,2065.547245,0.76092502
2016/8/21 0:00,1.039212144,0.089876033,6094.986453,2066.484451,0.760923686
2016/8/22 0:00,1.086998241,0.088336438,6108.456892,2071.734617,0.779321178
2016/8/23 0:00,1.08060739,0.089794911,6386.261926,2111.295957,0.788447779
2016/8/24 0:00,1.086749406,0.088176988,6410.006133,2003.973292,0.77019391
2016/8/25 0:00,1.086558905,0.086559057,6435.72988,1973.271914,0.779398198
2016/8/26 0:00,1.077421786,0.08898595,6394.773987,2045.017111,0.779312173
2016/8/27 0:00,1.070168259,0.089794911,6318.795221,2107.999522,0.770133985
2016/8/28 0:00,1.068724015,0.08898595,6288.87445,2090.984102,0.779304628
2016/8/29 0:00,1.059973758,0.091495417,6232.514196,2175.793751,0.779222688
2016/8/30 0:00,1.060902188,0.088496469,6205.437337,2127.531194,0.770099693
2016/8/31 0:00,1.05967818,0.091495417,6215.831637,2127.281375,0.779282341
2016/9/1 0:00,1.051177013,0.092305116,6183.549514,2163.231579,0.779239264
2016/9/2 0:00,1.050114387,0.0939245,6113.902747,2208.074383,0.779221138
2016/9/3 0:00,1.044345654,0.092305116,6109.012407,2189.605823,0.770054961
2016/9/4 0:00,1.043579684,0.091495417,6101.21566,2174.044058,0.770054855
2016/9/5 0:00,1.04143387,0.092472181,6077.325565,2212.699186,0.779219574
2016/9/6 0:00,1.042326438,0.091578141,6059.014559,2192.731788,0.770060984
2016/9/7 0:00,1.041955783,0.092305116,6080.251493,2174.216996,0.770088724
2016/9/8 0:00,1.034641963,0.093030766,6076.049144,2160.138485,0.7608825
2016/9/9 0:00,1.033443463,0.0939245,6013.43565,2237.167409,0.770038434
2016/9/10 0:00,1.03291745,0.093198992,6013.013925,2215.667824,0.770030909
2016/9/11 0:00,1.032427234,0.092305116,6006.592102,2202.058604,0.770035199
2016/9/12 0:00,1.025694489,0.093198992,5993.264517,2219.355305,0.760879739
2016/9/13 0:00,1.03208333,0.092305116,5975.374256,2201.278789,0.760907203
2016/9/14 0:00,1.031910898,0.091495417,6010.237528,2175.638962,0.760916165
2016/9/15 0:00,1.031384485,0.09238857,6003.659348,2174.701492,0.760911739
2016/9/16 0:00,1.030364006,0.091495417,5994.659453,2175.701443,0.760913191
2016/9/17 0:00,1.025377354,0.091578141,5986.675153,2174.732673,0.751750284
2016/9/18 0:00,1.025316924,0.093114808,5980.737662,2167.592598,0.760910606
2016/9/19 0:00,1.024726664,0.091495417,5980.801457,2167.014709,0.751763982
2016/9/20 0:00,1.023678922,0.092305116,5966.659982,2177.701601,0.75174552
2016/9/21 0:00,1.023080049,0.090849862,5955.191327,2181.310792,0.760928463
2016/9/22 0:00,1.022644748,0.091661021,5946.269376,2185.216945,0.760928502
2016/9/23 0:00,1.02209035,0.0939245,5937.488228,2190.169928,0.76091645
2016/9/24 0:00,1.021515457,0.091661021,5930.285094,2190.372996,0.760910409
2016/9/25 0:00,1.016603677,0.092305116,5924.003911,2188.873014,0.751748718
2016/9/26 0:00,1.021017053,0.090120256,5921.488715,2190.842127,0.760952662
2016/9/27 0:00,1.015750462,0.093114808,5919.207768,2190.919901,0.751751238
2016/9/28 0:00,1.015133512,0.092221804,5908.847746,2189.779098,0.751750235
2016/9/29 0:00,1.014788483,0.092305116,5898.972967,2195.16986,0.751753222
2016/9/30 0:00,1.00553917,0.094009422,5865.033879,2265.869747,0.742534878
2016/10/1 0:00,1.004114978,0.09255594,5789.656191,2299.290832,0.751666617
2016/10/2 0:00,0.998737579,0.094734199,5772.656679,2313.024887,0.751683183
2016/10/3 0:00,0.997843762,0.09626662,5758.641031,2315.228173,0.751692216
2016/10/4 0:00,1.016196169,0.092305116,1800.907467,0,0.751705693
2016/10/5 0:00,1.015518543,0.092305116,3954.826842,2218.207348,0.75171345
2016/10/6 0:00,1.014263594,0.093839727,5913.55331,2217.348202,0.751726926
2016/10/7 0:00,1.022954003,0.090685725,5899.74222,2214.817269,0.742640775
2016/10/8 0:00,1.023095879,0.090603873,5925.887394,2124.320943,0.742628061
2016/10/9 0:00,1.013637451,0.093114808,5979.937105,2106.025194,0.751749747
2016/10/10 0:00,1.042110101,0.090767719,5866.305092,2224.567376,0.742571178
2016/10/11 0:00,1.041562374,0.091412842,5227.063339,2176.239706,0.760921929
2016/10/12 0:00,1.04968097,0.088176988,6070.661371,2208.973237,0.751819976
2016/10/13 0:00,1.050218967,0.08744695,6128.18413,2069.275289,0.761009069
2016/10/14 0:00,1.034513942,0.089227542,6171.219154,2043.761057,0.751734324
2016/10/15 0:00,1.034205858,0.091578141,6110.982641,2192.424889,0.760895926
2016/10/16 0:00,1.034671846,0.090767719,6011.927361,2228.160316,0.760903108
2016/10/17 0:00,1.033362148,0.090849862,6017.83364,2179.880054,0.760932387
2016/10/18 0:00,1.032349956,0.092305116,6018.834503,2195.864449,0.760879313
2016/10/19 0:00,1.041169381,0.090522178,5978.271291,2251.784887,0.76098321
2016/10/20 0:00,1.041413811,0.089066342,6033.135473,2108.69615,0.760998665
2016/10/21 0:00,1.031678125,0.092221804,6097.250047,2073.416497,0.760920498
2016/10/22 0:00,1.025124551,0.089227542,6068.611488,2138.740838,0.751722189
2016/10/23 0:00,1.0237632,0.09238857,5959.59723,2238.363492,0.760899075
2016/10/24 0:00,1.023033828,0.091578141,5938.757257,2230.801351,0.760917109
2016/10/25 0:00,1.016824986,0.092305116,5923.710362,2233.785954,0.751815786
2016/10/26 0:00,1.03089167,0.091495417,5911.02291,2245.832352,0.751877116
2016/10/27 0:00,1.031329277,0.090603873,5924.242686,2169.257752,0.742729403
2016/10/28 0:00,1.021634639,0.089876033,6017.750368,2094.791359,0.742671068
2016/10/29 0:00,1.013692987,0.093755119,6029.065612,2060.526604,0.75179775
2016/10/30 0:00,1.01405069,0.092305116,5871.91476,2271.035074,0.751753852
2016/10/31 0:00,1.007424739,0.092305116,5850.680032,0,0.742544308
2016/11/1 0:00,1.014495475,0.094648689,5853.492371,2286.28505,0.751769347
2016/11/2 0:00,1.021236116,0.090522178,5805.038971,2298.440906,0.742631195
2016/11/3 0:00,1.021451952,0.090603873,5914.607514,2134.336585,0.74265978
2016/11/4 0:00,1.021308149,0.089146867,5945.25112,2108.728399,0.742643085
2016/11/5 0:00,1.021086871,0.089794911,5950.267826,2100.478804,0.742676537
2016/11/6 0:00,1.020821496,0.090440623,5951.237698,2088.760682,0.742695051
2016/11/7 0:00,1.020985153,0.089146867,5952.316882,2080.198603,0.733537805
2016/11/8 0:00,1.020792862,0.089794911,5954.506129,2072.324316,0.733522861
2016/11/9 0:00,1.020496332,0.088416383,5959.116835,2062.012159,0.733526966
2016/11/10 0:00,1.019993246,0.089146867,5960.992807,2052.450521,0.733541
2016/11/11 0:00,1.015980809,0.089876033,5956.742932,2056.981238,0.733541358
2016/11/12 0:00,1.015687961,0.08898595,5952.258861,2057.715844,0.733524586
2016/11/13 0:00,1.015556833,0.08898595,5949.649775,2056.216316,0.733524614
2016/11/14 0:00,1.015508283,0.087526016,5947.634328,2048.388025,0.733551772
2016/11/15 0:00,1.015482734,0.089794911,5948.213296,2052.028886,0.73355216
2016/11/16 0:00,1.015929979,0.088336438,5948.354549,2050.591695,0.733564422
2016/11/17 0:00,1.019976881,0.089066342,5949.18365,2038.560725,0.733594449
2016/11/18 0:00,0.997404301,0.091578141,5963.499097,0,0.733432258
2016/11/19 0:00,0.998209455,0.092305116,5892.125757,2223.006109,0.733462557
2016/11/20 0:00,0.996540209,0.090849862,5758.854572,2238.223777,0.733444163
2016/11/21 0:00,0.996021494,0.093114808,5765.964251,2240.426876,0.742604555
2016/11/22 0:00,0.994604208,0.093198992,5742.838513,2253.395244,0.733401837
2016/11/23 0:00,1.004795305,0.090767719,5714.400234,2305.175254,0.733501048
2016/11/24 0:00,1.005341906,0.089146867,5768.484448,2151.743376,0.733522706
2016/11/25 0:00,0.989225445,0.090038702,5848.16055,2115.994711,0.733400388
2016/11/26 0:00,0.987830348,0.093114808,5819.911796,2187.28727,0.733380889
2016/11/27 0:00,0.995296661,0.093198992,5680.759231,2302.237746,0.733402007
2016/11/28 0:00,1.004763953,0.091412842,5750.338149,0,0.733526665
2016/11/29 0:00,1.004959506,0.089876033,5846.326987,2190.071261,0.724341423
2016/11/30 0:00,0.98880227,0.09238857,5844.519777,2141.229004,0.733417174
2016/12/1 0:00,0.994025599,0.091744043,5770.65251,2296.316552,0.733433787
2016/12/2 0:00,0.994377146,0.093114808,5685.322499,2311.441137,0.733436912
2016/12/3 0:00,0.993822862,0.093114808,5710.479831,2268.192081,0.733425958
2016/12/4 0:00,0.994604013,0.09238857,5710.573581,2272.098547,0.742598679
2016/12/5 0:00,1.0029174,0.090685725,5702.245335,2278.973369,0.733521361
2016/12/6 0:00,1.003949833,0.090767719,5764.564689,2169.087475,0.72435775
2016/12/7 0:00,0.989122408,0.091578141,5827.021256,2124.995185,0.733453619
2016/12/8 0:00,0.988369608,0.09328334,5803.66279,2199.037611,0.733433329
2016/12/9 0:00,0.987290123,0.093114808,5693.307966,0,0.724258125
2016/12/10 0:00,0.988344279,0.093839727,5719.823864,2315.285352,0.733429466
2016/12/11 0:00,0.996608939,0.092305116,5675.77759,2283.989035,0.733520581
2016/12/12 0:00,1.002802835,0.089957289,5679.948593,2311.317643,0.724310027
2016/12/13 0:00,1.003350892,0.090603873,5808.864203,2130.041853,0.724314822
2016/12/14 0:00,0.987069291,0.09238857,5836.024501,2101.871285,0.733396363
2016/12/15 0:00,0.988744929,0.092305116,5766.264956,2256.443046,0.733385771
2016/12/16 0:00,0.995114008,0.093839727,5681.620999,2264.958427,0.742635611
2016/12/17 0:00,1.003506223,0.089146867,5802.086335,0,0.724380972
2016/12/18 0:00,1.003696885,0.091330417,5867.121767,2084.560744,0.724387608
2016/12/19 0:00,1.003872604,0.090685725,5846.888201,2069.717191,0.724380177
2016/12/20 0:00,1.004058067,0.089794911,5851.389124,2063.248596,0.724407185
2016/12/21 0:00,1.004254427,0.089957289,5854.405925,2060.842737,0.724419578
2016/12/22 0:00,1.004406299,0.090603873,5858.812745,2058.108792,0.724416656
2016/12/23 0:00,1.005054048,0.089066342,5862.829043,2047.531083,0.724407854
2016/12/24 0:00,1.005266705,0.08898595,5868.408111,2047.906312,0.724428805
2016/12/25 0:00,1.005370895,0.089794911,5880.300879,2029.016523,0.724423078
2016/12/26 0:00,1.00539994,0.089066342,5883.254241,2025.782276,0.724401761
2016/12/27 0:00,1.005700273,0.088336438,5883.94204,2026.235464,0.724411064
2016/12/28 0:00,1.005801999,0.088336438,5886.239205,2030.141334,0.724419869
2016/12/29 0:00,1.005855574,0.08898595,5890.333426,2022.860676,0.724421452
2016/12/30 0:00,1.005880827,0.089876033,5892.505329,2015.220293,0.72440066
2016/12/31 0:00,1.00601995,0.08898595,5892.896585,2015.517311,0.724484761
2017/1/1 0:00,1.005986302,0.089876033,5896.600649,2007.767466,0.724474009
2017/1/2 0:00,1.005987602,0.088256642,5900.428757,2009.142572,0.724477313
2017/1/3 0:00,1.005969613,0.08898595,5899.819447,2013.830029,0.724480325
2017/1/4 0:00,0.996330957,0.090685725,5900.39788,2006.986526,0.724408653
2017/1/5 0:00,0.994821745,0.092305116,5892.288612,2024.184261,0.733555075
2017/1/6 0:00,0.994521028,0.093114808,5752.64083,2199.272978,0.733529165
2017/1/7 0:00,0.988384346,0.093114808,5750.766376,2172.835922,0.724286103
2017/1/8 0:00,0.987131133,0.092305116,5732.875848,2206.61653,0.733456622
2017/1/9 0:00,0.996188667,0.09294688,5694.248397,2238.084021,0.724337
2017/1/10 0:00,1.001626754,0.089876033,5679.700382,2244.461348,0.724375093
2017/1/11 0:00,0.997317645,0.091495417,5799.525303,2101.106592,0.724355735
2017/1/12 0:00,0.986896635,0.0939245,5825.638414,2074.04547,0.733447413
2017/1/13 0:00,1.02672174,0.093198992,5740.625619,2235.881293,0.74253773
2017/1/14 0:00,1.032906029,0.091495417,6134.931065,2442.788587,0.76093321
2017/1/15 0:00,1.034320311,0.090685725,5925.965099,2415.882547,0.75178516
2017/1/16 0:00,1.034823915,0.091330417,6003.175641,2239.388753,0.751815474
2017/1/17 0:00,1.034883664,0.089146867,6020.646171,2213.78028,0.751815567
2017/1/18 0:00,1.034729272,0.092138648,6029.272256,2201.015232,0.75184254
2017/1/19 0:00,1.034700333,0.089146867,6032.507701,2180.343985,0.751848959
2017/1/20 0:00,1.034815043,0.089876033,6035.461547,2169.860134,0.751863963
2017/1/21 0:00,1.034575276,0.090603873,6038.136795,2163.563726,0.751843234
2017/1/22 0:00,1.034186764,0.089876033,6042.979724,2147.157978,0.751842645
2017/1/23 0:00,1.033809756,0.087526016,6041.854835,2144.298857,0.751882468
2017/1/24 0:00,1.033089976,0.089066342,6041.027953,2133.049404,0.751865694
2017/1/25 0:00,1.032852285,0.090603873,6033.730943,2135.767901,0.751854585
2017/1/26 0:00,1.032568951,0.087526016,6025.480947,2132.625667,0.742683053
2017/1/27 0:00,1.032250894,0.091248132,6035.373609,2110.597035,0.742716556
2017/1/28 0:00,1.032131119,0.089876033,6024.88892,2119.458906,0.742695082
2017/1/29 0:00,1.031588573,0.088336438,6027.891628,0,0.742742538
2017/1/30 0:00,1.022828694,0.090685725,6043.564073,2114.41085,0.751787881
2017/1/31 0:00,1.0139823,0.093198992,6020.111119,2066.972831,0.751736247
2017/2/1 0:00,1.014445993,0.093114808,5858.611905,2334.025785,0.751753004
2017/2/2 0:00,1.013516961,0.095285662,5819.939618,2322.870249,0.751751947
2017/2/3 0:00,1.007194748,0.093198992,5834.768899,2316.711679,0.742556436
2017/2/4 0:00,1.015550963,0.092221804,5807.315214,2341.181739,0.742653809
2017/2/5 0:00,1.021081419,0.091495417,5792.377201,2329.793358,0.742678232
2017/2/6 0:00,1.015078869,0.091578141,5900.822809,2192.500544,0.733480167
2017/2/7 0:00,1.005128281,0.0939245,5919.434087,2172.142056,0.742563958
2017/2/8 0:00,1.004521569,0.095543891,5744.252635,0,0.742559588
2017/2/9 0:00,0.999107683,0.094009422,5772.096817,2374.150381,0.742564039
2017/2/10 0:00,0.997610954,0.094009422,5743.878817,2366.572436,0.742548874
2017/2/11 0:00,1.007006829,0.093114808,5715.42561,2407.180539,0.742652352
2017/2/12 0:00,1.00764634,0.091578141,5765.351438,2259.826383,0.742657027
2017/2/13 0:00,0.998219178,0.093198992,5833.525968,2224.468279,0.742538355
2017/2/14 0:00,0.995885437,0.094734199,5812.198675,2285.808295,0.742560691
2017/2/15 0:00,0.995310927,0.095543891,5687.487238,2441.960721,0.733384095
2017/2/16 0:00,0.989817508,0.09626662,5679.799982,2397.133992,0.733369094
2017/2/17 0:00,0.988537619,0.09490566,5655.034828,2416.961576,0.742523133
2017/2/18 0:00,0.997985701,0.094819844,5639.566173,2450.648427,0.742614396
2017/2/19 0:00,1.003679111,0.0939245,5670.816386,2351.761347,0.742634274
2017/2/20 0:00,0.996413427,0.091495417,5765.69638,2264.795129,0.724254533
2017/2/21 0:00,0.986898172,0.095371582,5785.526146,2236.809089,0.733399172
2017/2/22 0:00,0.987088478,0.096179813,5658.801318,2439.226851,0.742538084
2017/2/23 0:00,0.986731329,0.094734199,5604.566629,2442.820259,0.742542865
2017/2/24 0:00,0.986320118,0.094734199,5607.942779,2432.992407,0.733372206
2017/2/25 0:00,0.989053922,0.096353583,5601.176307,2442.648531,0.742612595
2017/2/26 0:00,0.995421823,0.09238857,5583.910174,2477.007222,0.742616003
2017/2/27 0:00,0.99569694,0.093198992,5702.367887,2288.684939,0.733454446
2017/2/28 0:00,0.979523569,0.095543891,5726.791227,2264.154597,0.733391551
2017/3/1 0:00,0.978796027,0.095543891,5662.366691,2408.883506,0.733412637
2017/3/2 0:00,0.988936765,0.096353583,5547.285557,2488.912906,0.751716466
2017/3/3 0:00,0.996628739,0.093198992,5519.53344,2565.568285,0.74261431
2017/3/4 0:00,0.996920455,0.09328334,5690.053807,2341.73023,0.733445252
2017/3/5 0:00,0.996858361,0.094009422,5732.289513,2302.340738,0.733448088
2017/3/6 0:00,0.996821732,0.0939245,5742.399743,2278.794705,0.733472523
2017/3/7 0:00,0.996884636,0.093755119,5746.525557,2262.998375,0.733469393
2017/3/8 0:00,0.996836194,0.092305116,5751.682596,2244.20206,0.733461981
2017/3/9 0:00,0.996811157,0.093030766,5757.996074,2235.343024,0.733492174
2017/3/10 0:00,0.996588764,0.091661021,5761.512133,2218.203152,0.733507528
2017/3/11 0:00,0.996391104,0.091578141,5761.840967,2215.562565,0.733518095
2017/3/12 0:00,0.996212768,0.092305116,5760.419481,2207.812906,0.733502522
2017/3/13 0:00,0.996031237,0.093114808,5760.841551,2203.891163,0.733521863
2017/3/14 0:00,0.995919111,0.091495417,5759.138836,2203.625742,0.73352273
2017/3/15 0:00,0.995840953,0.091578141,5757.638946,2204.735166,0.72434758
2017/3/16 0:00,0.99585357,0.092221804,5758.373892,2197.92298,0.724344695
2017/3/17 0:00,0.995717475,0.092305116,5760.7964,2193.826581,0.724356667
2017/3/18 0:00,0.995650216,0.093114808,5762.578245,2181.439284,0.724353524
2017/3/19 0:00,0.995422901,0.090685725,5764.219126,2183.392654,0.724308624
2017/3/20 0:00,0.978968293,0.094734199,5763.406879,2183.736377,0.724180657
2017/3/21 0:00,0.977751225,0.094819844,5680.400902,2356.963226,0.73333591
2017/3/22 0:00,0.977572073,0.095457658,5560.739545,2441.758041,0.733388712
2017/3/23 0:00,0.986315738,0.094009422,5505.146408,2492.444326,0.733442245
2017/3/24 0:00,0.987101794,0.091661021,5574.945162,2327.558971,0.73347711
2017/3/25 0:00,0.978350763,0.0939245,5666.620261,2277.591966,0.724249568
2017/3/26 0:00,0.970441705,0.0940945,5527.412501,2485.50685,0.724216444
2017/3/27 0:00,0.970365392,0.095716819,5497.193257,2483.741527,0.733387069
2017/3/28 0:00,0.969981068,0.096527979,5488.365301,2505.428629,0.73337336
2017/3/29 0:00,0.978424532,0.095543891,5495.287293,2479.72599,0.733435943
2017/3/30 0:00,0.979639316,0.095457658,5480.474627,2522.83558,0.733435752
2017/3/31 0:00,0.985294717,0.093198992,5612.182223,2323.903076,0.724330443
2017/4/1 0:00,0.968932705,0.097884543,5630.605082,2299.669765,0.724207046
2017/4/2 0:00,0.968343483,0.097251125,5563.741182,2464.445114,0.724222375
2017/4/3 0:00,0.968214288,0.097972974,5448.349014,2538.177875,0.724202725
2017/4/4 0:00,0.968504463,0.097251125,5455.772165,2506.350207,0.7242254
2017/4/5 0:00,0.968478617,0.097163275,5444.943279,2537.927746,0.724187694
2017/4/6 0:00,0.977820133,0.094009422,5450.38102,2534.256013,0.733447887
2017/4/7 0:00,0.978414496,0.092472181,5523.61824,2381.729724,0.724298718
2017/4/8 0:00,0.969279879,0.095630273,5595.77648,2341.277993,0.724210392
2017/4/9 0:00,0.962305415,0.097163275,5596.105991,2351.869322,0.724174231
2017/4/10 0:00,0.962519033,0.096440703,5456.208886,2541.943328,0.724222191
2017/4/11 0:00,0.961963037,0.095630273,5436.959605,2539.459455,0.724199824
2017/4/12 0:00,0.961012834,0.096527979,5434.959609,2539.209389,0.724198187
2017/4/13 0:00,0.970035237,0.095630273,5428.178577,2535.912267,0.733422221
2017/4/14 0:00,0.976620126,0.094009422,5403.506317,2569.881661,0.724293957
2017/4/15 0:00,0.97116094,0.094009422,5542.587598,2386.354731,0.724307561
2017/4/16 0:00,0.960203022,0.097163275,5573.307525,2358.511696,0.72419821
2017/4/17 0:00,0.960370891,0.097251125,5473.615962,2535.052733,0.724211575
2017/4/18 0:00,0.9625218,0.097796284,5390.334418,2581.517974,0.724179878
2017/4/19 0:00,0.961954966,0.097972974,5380.725223,2620.113687,0.733368845
2017/4/20 0:00,0.971186511,0.095630273,5416.177477,2603.441982,0.733432648
2017/4/21 0:00,0.976562259,0.094009422,5479.194561,2444.462209,0.724278824
2017/4/22 0:00,0.976611399,0.095543891,5548.149627,2397.541745,0.72426977
2017/4/23 0:00,0.976663422,0.09328334,5563.199573,2378.261044,0.724295468
2017/4/24 0:00,0.976685726,0.093198992,5568.650853,2367.620892,0.724288091
2017/4/25 0:00,0.977403679,0.092305116,5571.885659,2356.980715,0.724304818
2017/4/26 0:00,0.977598337,0.0939245,5585.964459,2330.340857,0.724318357
2017/4/27 0:00,0.977758575,0.091495417,5602.324724,2307.81011,0.724333518
2017/4/28 0:00,0.977844824,0.094648689,5609.200245,2297.310638,0.724327502
2017/4/29 0:00,0.977905972,0.093030766,5614.341836,2292.920182,0.724323881
2017/4/30 0:00,0.977996177,0.09456335,5618.685986,2287.123944,0.724348781
2017/5/1 0:00,0.978002101,0.09238857,5621.264342,2277.030308,0.724335273
2017/5/2 0:00,0.978086254,0.092221804,5624.608349,2268.405692,0.724316736
2017/5/3 0:00,0.978253092,0.092305116,5626.530843,2268.483846,0.724404695
2017/5/4 0:00,0.978530033,0.093114808,5631.062218,2255.968829,0.71527596
2017/5/5 0:00,0.978345954,0.091578141,5641.15658,2237.313161,0.715244581
2017/5/6 0:00,0.978335443,0.09238857,5640.907013,2243.297522,0.715244653
2017/5/7 0:00,0.968181861,0.095457658,5641.329386,2236.73528,0.715148234
2017/5/8 0:00,0.960875437,0.096353583,5642.048456,2214.076617,0.71511499
2017/5/9 0:00,0.96095834,0.095716819,5460.132083,2483.538482,0.724263028
2017/5/10 0:00,0.960850061,0.095716819,5431.522515,2488.647722,0.724291633
2017/5/11 0:00,0.960041545,0.096440703,5433.897365,2493.632093,0.715119225
2017/5/12 0:00,0.968387629,0.094819844,5427.366384,2495.585147,0.72434669
2017/5/13 0:00,0.970099277,0.094009422,5398.540526,2562.95999,0.724341941
2017/5/14 0:00,0.960681403,0.096353583,5561.16999,0,0.724281173
2017/5/15 0:00,0.959780085,0.097163275,5529.85608,2483.445202,0.715108934
2017/5/16 0:00,0.960119022,0.096440703,5411.585231,2546.240434,0.715051562
2017/5/17 0:00,0.959215271,0.095630273,5416.882923,2508.351151,0.715042737
2017/5/18 0:00,0.953110967,0.097251125,5402.632656,2538.897594,0.71503665
2017/5/19 0:00,0.968342289,0.095457658,5379.476976,2560.568509,0.724287859
2017/5/20 0:00,0.969640801,0.095543891,5416.274079,2456.525877,0.724309217
2017/5/21 0:00,0.962179864,0.0939245,5528.060523,2367.293962,0.705932556
2017/5/22 0:00,0.953404172,0.09626662,5555.46812,2331.186014,0.715054501
2017/5/23 0:00,0.959040336,0.09626662,5423.399408,2518.897589,0.715053013
2017/5/24 0:00,0.959370437,0.097075582,5386.070858,2526.74147,0.715063555
2017/5/25 0:00,0.959004486,0.097884543,5394.867723,2526.647834,0.715035007
2017/5/26 0:00,0.961072132,0.095630273,5394.070827,2545.334616,0.733376983
2017/5/27 0:00,0.968796069,0.093198992,5390.086543,2546.91265,0.724239729
2017/5/28 0:00,0.969519399,0.096093163,5503.888317,2386.903116,0.715101613
2017/5/29 0:00,0.959684994,0.094648689,5546.139946,2347.420242,0.714986178
2017/5/30 0:00,0.958761633,0.097163275,5501.342826,2455.555327,0.714982532
2017/5/31 0:00,0.95886018,0.096353583,5398.305489,2543.381579,0.714994326
2017/6/1 0:00,0.953386024,0.097075582,5389.38327,2538.428724,0.715045729
2017/6/2 0:00,0.952863292,0.096353583,5388.914672,2548.443853,0.724219188
2017/6/3 0:00,0.96035353,0.095630273,5373.492234,2565.302637,0.715132243
2017/6/4 0:00,0.95213652,0.096440703,5399.132942,2495.386041,0.72421631
2017/6/5 0:00,0.951568201,0.097884543,5379.023308,2599.067405,0.715004945
2017/6/6 0:00,0.959637435,0.096527979,5334.366778,2624.269979,0.724182948
2017/6/7 0:00,0.959228937,0.096440703,5313.383217,2684.081579,0.724208746
2017/6/8 0:00,0.953321749,0.097163275,5381.850857,2603.520668,0.724191875
2017/6/9 0:00,0.962193091,0.095630273,5358.881875,2626.441674,0.724272378
2017/6/10 0:00,0.967648058,0.094819844,5406.72678,2490.930268,0.724274023
2017/6/11 0:00,0.967903911,0.094819844,5478.760435,2442.697594,0.715141327
2017/6/12 0:00,0.968051353,0.096353583,5495.651945,2417.445783,0.715136207
2017/6/13 0:00,0.968137459,0.094819844,5505.323053,2402.573797,0.715137027
2017/6/14 0:00,0.968288035,0.094009422,5511.715729,2392.746027,0.715147121
2017/6/15 0:00,0.969355727,0.093114808,5521.826106,2375.746622,0.696779403
2017/6/16 0:00,0.971342812,0.0939245,5151.735321,2388.066014,0.724317732
2017/6/17 0:00,0.977409413,0.09238857,5551.528945,2330.300922,0.715159338
2017/6/18 0:00,0.977785319,0.093114808,5597.954643,2274.819132,0.724323859
2017/6/19 0:00,0.968992895,0.09328334,5610.939934,2277.553911,0.724268813
2017/6/20 0:00,0.9689239,0.093367837,5567.110551,2377.784386,0.724273531
2017/6/21 0:00,0.970171947,0.094734199,5500.355831,2414.971036,0.715098252
2017/6/22 0:00,0.971298716,0.0939245,5512.497345,2394.955953,0.715137777
2017/6/23 0:00,0.971200073,0.093198992,5552.216411,2345.691786,0.715143668
2017/6/24 0:00,0.977818072,0.09238857,5571.702488,2316.817435,0.72435613
2017/6/25 0:00,0.978210408,0.0939245,5587.016392,2277.507582,0.715184054
2017/6/26 0:00,0.971482177,0.0939245,5623.049561,2257.758534,0.705982557
2017/6/27 0:00,0.969555998,0.094009422,5630.990838,2246.524808,0.715122276
2017/6/28 0:00,0.969421372,0.095457658,5541.685807,2367.753539,0.715119297
2017/6/29 0:00,0.970751239,0.095457658,5521.434863,2381.440789,0.724316213
2017/6/30 0:00,0.970729155,0.094009422,5549.780434,2324.536057,0.724334243
2017/7/1 0:00,0.976093576,0.094734199,5563.812616,2329.364368,0.724338893
2017/7/2 0:00,0.977114195,0.093198992,5552.092994,2344.081955,0.724345324
2017/7/3 0:00,0.977256421,0.093198992,5593.771502,2285.292405,0.724364046
2017/7/4 0:00,0.968784477,0.094734199,5609.617224,2268.571791,0.715128814
2017/7/5 0:00,0.968666313,0.096900672,5568.662614,2360.692277,0.715122798
2017/7/6 0:00,0.968456726,0.09626662,5509.920691,2393.222432,0.715110753
2017/7/7 0:00,0.968143925,0.095630273,5514.671773,2374.254176,0.715119492
2017/7/8 0:00,0.962379706,0.096353583,5508.124585,2390.082056,0.715140652
2017/7/9 0:00,0.970012323,0.095630273,5494.374609,2404.34727,0.724342632
2017/7/10 0:00,0.970812542,0.094734199,5503.265563,2364.662635,0.715168847
2017/7/11 0:00,0.968812742,0.093114808,5567.054214,2310.977268,0.705994555
2017/7/12 0:00,0.961987919,0.09490566,5579.023963,2291.712131,0.715105307
2017/7/13 0:00,0.962446474,0.09490566,5497.203222,2413.09709,0.715108763
2017/7/14 0:00,0.967794013,0.094819844,5479.468322,2409.441163,0.715124284
2017/7/15 0:00,0.968273387,0.094819844,5496.312625,2386.144852,0.71513484
2017/7/16 0:00,0.968521446,0.09626662,5507.375308,2368.489656,0.715150023
2017/7/17 0:00,0.970255378,0.094819844,5507.907328,2392.316754,0.715167625
2017/7/18 0:00,0.970625839,0.0939245,5556.725625,2303.742989,0.715205447
2017/7/19 0:00,0.970774775,0.0939245,5579.649104,2285.118992,0.715210091
2017/7/20 0:00,0.970860755,0.095543891,5587.869072,2266.916419,0.715207843
2017/7/21 0:00,0.970855303,0.093030766,5593.557427,2264.072737,0.715223811
2017/7/22 0:00,0.975960525,0.094648689,5595.15441,2259.90104,0.706077253
2017/7/23 0:00,0.9761835,0.09456335,5598.808438,2253.995546,0.715236184
2017/7/24 0:00,0.97627421,0.093198992,5613.575596,2233.543005,0.715226966
2017/7/25 0:00,0.976273134,0.093198992,5618.076787,2225.277748,0.715236284
2017/7/26 0:00,0.976280534,0.093030766,5620.90536,2218.13729,0.715242334
2017/7/27 0:00,0.976072554,0.092305116,5623.07733,2213.106332,0.715243853
2017/7/28 0:00,0.976120538,0.09238857,5621.999223,2201.888316,0.715225494
2017/7/29 0:00,0.976021721,0.091661021,5623.483877,2210.54384,0.715251384
2017/7/30 0:00,0.976031684,0.093114808,5621.518105,2211.700165,0.715233434
2017/7/31 0:00,0.976049403,0.093114808,5621.562421,2209.450596,0.715244034
2017/8/1 0:00,0.97599306,0.09456335,5624.250521,2203.247662,0.715224541
2017/8/2 0:00,0.975807668,0.093114808,5623.985485,2203.200859,0.706073999
2017/8/3 0:00,0.967837725,0.0940945,5623.610442,2200.888183,0.715159161
2017/8/4 0:00,0.981061677,0.093030766,5592.875177,2256.773516,0.706008261
2017/8/5 0:00,0.980040527,0.091412842,5425.973168,2335.287606,0.706008024
2017/8/6 0:00,0.980707378,0.0939245,5691.439836,2230.429541,0.71515954
2017/8/7 0:00,0.988402013,0.088496469,5648.439411,2252.05383,0.706079172
2017/8/8 0:00,0.989169467,0.090685725,5703.933543,2160.278505,0.715263849
2017/8/9 0:00,0.980805024,0.091578141,5739.35993,2150.623548,0.715182058
2017/8/10 0:00,0.980057201,0.093839727,5716.735123,2215.931104,0.715170053
2017/8/11 0:00,0.980366648,0.093755119,5642.362837,2283.147694,0.715177803
2017/8/12 0:00,0.980080588,0.093114808,5648.690799,2255.97655,0.715177376
2017/8/13 0:00,0.978981777,0.093114808,5647.769194,2264.288901,0.72431957
2017/8/14 0:00,0.98666777,0.093030766,5631.643528,2291.444538,0.715245028
2017/8/15 0:00,0.987137816,0.092305116,5638.659244,2244.573149,0.715229742
2017/8/16 0:00,0.986045873,0.092305116,5701.700888,2189.934687,0.706052984
2017/8/17 0:00,0.977659218,0.093839727,5710.546724,2174.826224,0.715143599
2017/8/18 0:00,0.977888086,0.094009422,5630.269081,2304.537599,0.715171548
2017/8/19 0:00,0.977855224,0.095457658,5585.016611,2323.787307,0.715180538
2017/8/20 0:00,0.969457461,0.094009422,5608.974079,2287.382212,0.724273642
2017/8/21 0:00,0.969624362,0.096440703,5557.251308,2391.565925,0.724270505
2017/8/22 0:00,0.977920562,0.093114808,5474.23126,2494.157356,0.724377617
2017/8/23 0:00,0.978439556,0.091578141,5576.223744,2284.586537,0.715218855
2017/8/24 0:00,0.968751021,0.097075582,5625.946902,2251.479192,0.724332319
2017/8/25 0:00,0.961066163,0.098061554,5580.134098,2356.55146,0.724292399
2017/8/26 0:00,0.960596224,0.097163275,5449.66855,2520.312949,0.715123525
2017/8/27 0:00,0.968304076,0.094819844,5377.121436,2585.376044,0.715139804
2017/8/28 0:00,0.969400661,0.094819844,5417.340032,2459.69172,0.715198031
2017/8/29 0:00,0.969844969,0.093839727,5537.285825,2326.741711,0.715194416
2017/8/30 0:00,0.969942623,0.09238857,5573.993266,0,0.71521759
2017/8/31 0:00,0.970236233,0.09238857,5594.993858,2297.898476,0.705998623
2017/9/1 0:00,0.970538772,0.093198992,5584.151398,2258.916858,0.70602164
2017/9/2 0:00,0.970543521,0.09238857,5597.917704,2230.10576,0.706015812
2017/9/3 0:00,0.970305311,0.093114808,5604.654802,2217.137429,0.706033956
2017/9/4 0:00,0.969513853,0.093839727,5607.484283,2211.088168,0.706012776
2017/9/5 0:00,0.969229345,0.094648689,5590.093553,2235.480887,0.706012616
2017/9/6 0:00,0.968956321,0.094648689,5582.155657,2239.121818,0.706017852
2017/9/7 0:00,0.968709792,0.0939245,5578.749402,2238.793253,0.706035191
2017/9/8 0:00,0.968626616,0.093114808,5574.827777,2238.199755,0.706027633
2017/9/9 0:00,0.968496302,0.0939245,5573.419926,2232.137413,0.706020014
2017/9/10 0:00,0.968373189,0.094009422,5572.984917,2230.215685,0.706023601
2017/9/11 0:00,0.968210497,0.09456335,5573.720429,2223.950527,0.706029076
2017/9/12 0:00,0.968062735,0.0939245,5572.220227,2223.16922,0.706013058
2017/9/13 0:00,0.950677631,0.095630273,5569.50213,2224.419824,0.705894557
2017/9/14 0:00,0.944216148,0.100311436,5463.400381,2447.471537,0.715039365
2017/9/15 0:00,0.942054232,0.099323183,5318.236415,2567.84431,0.696732367
2017/9/16 0:00,0.941696905,0.098604515,5307.030293,2596.765432,0.69675352
2017/9/17 0:00,0.935099582,0.098061554,5259.499494,2592.297099,0.705912282
2017/9/18 0:00,0.951306971,0.094734199,5241.327339,2620.561841,0.715174773
2017/9/19 0:00,0.952675671,0.096093163,5302.000979,2469.208616,0.706047843
2017/9/20 0:00,0.944277432,0.097163275,5418.195637,2374.773409,0.705913387
2017/9/21 0:00,0.943345996,0.097972974,5274.436435,2780.638293,0.705909263
2017/9/22 0:00,0.950378717,0.098782666,5302.482815,2632.937059,0.724296662
2017/9/23 0:00,0.952777484,0.094734199,5241.966555,2711.576109,0.715177772
2017/9/24 0:00,0.953148663,0.097708173,5386.130182,2445.365342,0.706038341
2017/9/25 0:00,0.941981787,0.097972974,5423.944938,2407.116266,0.705921065
2017/9/26 0:00,0.9345537,0.096527979,5347.178614,2575.703515,0.70588053
2017/9/27 0:00,0.933766616,0.101029217,5223.091312,2689.294724,0.705881943
2017/9/28 0:00,0.933488874,0.0940945,5192.748193,2697.404012,0.687630644
2017/9/29 0:00,0.925815349,0.097163275,4292.149578,0,0.687598103
2017/9/30 0:00,0.932064534,0.097972974,993.058389,2447.761326,0.696741038
2017/10/1 0:00,0.934399146,0.095803514,5248.00382,2519.88656,0.71513192
2017/10/2 0:00,0.942825163,0.094734199,5182.506134,2567.088446,0.706003423
2017/10/3 0:00,0.944075775,0.09490566,5168.14496,2643.508684,0.696830318
2017/10/4 0:00,0.93417022,0.096527979,5305.429443,2436.531853,0.705918162
2017/10/5 0:00,0.932905456,0.098871976,5351.383768,2402.85916,0.705910817
2017/10/6 0:00,0.932788394,0.098782666,5290.210808,2571.151101,0.705889106
2017/10/7 0:00,0.932048035,0.098061554,5181.111379,2703.132458,0.705900028
2017/10/8 0:00,0.925898651,0.097339138,5181.941803,2672.522582,0.705880936
2017/10/9 0:00,0.935160187,0.096615411,5159.502789,2716.007405,0.715124393
2017/10/10 0:00,0.94155377,0.095543891,5147.707931,2710.428853,0.706011507
2017/10/11 0:00,0.940892856,0.0940945,5162.255017,2673.932351,0.696801558
2017/10/12 0:00,0.925918178,0.098871976,5280.963047,2519.21739,0.705898977
2017/10/13 0:00,0.925919731,0.100311436,5311.215161,2480.564451,0.705916832
2017/10/14 0:00,0.924649448,0.098871976,5207.628927,2661.680271,0.705897426
2017/10/15 0:00,0.924065079,0.099592358,5126.05312,2765.021656,0.705860553
2017/10/16 0:00,0.923905023,0.101120397,5127.1436,2748.63139,0.705894418
2017/10/17 0:00,0.932850852,0.096353583,5099.723756,2782.80079,0.705969962
2017/10/18 0:00,0.933658977,0.097251125,5074.99171,2828.033886,0.696808719
2017/10/19 0:00,0.924349442,0.098961458,5164.552653,2635.667323,0.696738884
2017/10/20 0:00,0.923468616,0.098782666,5233.258345,2578.294121,0.696725324
2017/10/21 0:00,0.923947258,0.098782666,5251.68233,2521.338734,0.696738094
2017/10/22 0:00,0.92362808,0.098693505,5100.474019,2767.273965,0.696743643
2017/10/23 0:00,0.923425136,0.097972974,5117.756169,2711.86724,0.696775269
2017/10/24 0:00,0.925416601,0.097251125,5126.537798,2703.195977,0.696786291
2017/10/25 0:00,0.932079953,0.097163275,5119.819407,2719.601694,0.696822855
2017/10/26 0:00,0.932338155,0.095543891,5097.209894,2766.118142,0.696830418
2017/10/27 0:00,0.916784917,0.099502474,5208.025047,2581.091722,0.696762473
2017/10/28 0:00,0.916806458,0.097251125,5230.387595,2549.937575,0.696769102
2017/10/29 0:00,0.916805961,0.097972974,5180.698035,2664.884131,0.696768805
2017/10/30 0:00,0.916817729,0.098871976,5106.084262,2707.60161,0.696785719
2017/10/31 0:00,0.915766753,0.097972974,5112.022032,2687.461641,0.687598321
2017/11/1 0:00,0.924356156,0.097251125,5110.613547,2695.005886,0.696815377
2017/11/2 0:00,0.925041339,0.097163275,5099.459621,2700.211195,0.696847751
2017/11/3 0:00,0.92526841,0.097163275,5114.95842,2632.827567,0.696857856
2017/11/4 0:00,0.92524841,0.096988052,5191.482023,2572.390131,0.69683599
2017/11/5 0:00,0.92519095,0.095630273,5202.311102,2556.468846,0.69684592
2017/11/6 0:00,0.925084828,0.096353583,5210.155488,2546.312741,0.696840209
2017/11/7 0:00,0.92501429,0.095630273,5211.280787,2547.625855,0.696846585
2017/11/8 0:00,0.924757515,0.095543891,5213.875194,2534.079607,0.687680961
2017/11/9 0:00,0.924803783,0.094819844,5222.828955,0,0.687693576
2017/11/10 0:00,0.924389045,0.094819844,5222.111113,2510.379492,0.687705456
2017/11/11 0:00,0.924307268,0.095543891,5222.454862,0,0.687701144
2017/11/12 0:00,0.924123422,0.094009422,5242.939193,2554.033427,0.678525948
2017/11/13 0:00,0.923545948,0.095457658,5217.768097,2508.594522,0.687701023
2017/11/14 0:00,0.923351533,0.096988052,5215.049076,2505.143778,0.687687554
2017/11/15 0:00,0.916832571,0.097163275,5203.970973,2513.721161,0.687625922
2017/11/16 0:00,0.916038664,0.097796284,5195.202877,2525.986443,0.687609303
2017/11/17 0:00,0.916840357,0.097251125,5078.290905,2754.086247,0.69679228
2017/11/18 0:00,0.92371431,0.097163275,5136.711597,2629.714057,0.687672907
2017/11/19 0:00,0.923720223,0.096353583,5080.711554,2691.634002,0.687687158
2017/11/20 0:00,0.914420085,0.097884543,5168.106433,2542.046731,0.687601694
2017/11/21 0:00,0.907612994,0.099592358,5190.576791,2515.422917,0.687586096
2017/11/22 0:00,0.9076301,0.098782666,5137.764488,2617.15252,0.687592667
2017/11/23 0:00,0.907026698,0.097972974,5054.08793,2695.368257,0.687651391
2017/11/24 0:00,0.906355021,0.100311436,5047.228212,2683.525074,0.687643598
2017/11/25 0:00,0.914081592,0.098782666,5041.775204,2676.212876,0.68770697
2017/11/26 0:00,0.91469636,0.097163275,5023.962748,2704.696285,0.687691416
2017/11/27 0:00,0.914875999,0.096353583,5016.009783,2702.495275,0.687672694
2017/11/28 0:00,0.905256497,0.097972974,5102.201784,2598.592435,0.687600219
2017/11/29 0:00,0.898454547,0.098782666,5116.499532,2595.686841,0.687584831
2017/11/30 0:00,0.898388195,0.101120397,5054.761971,2721.399571,0.687544235
2017/12/1 0:00,0.898034392,0.100311436,4981.02596,2760.16384,0.67838232
2017/12/2 0:00,0.898233888,0.098693505,4985.401294,2731.446206,0.687546041
2017/12/3 0:00,0.906146384,0.097251125,4971.667119,2752.723367,0.687579518
2017/12/4 0:00,0.906467444,0.095630273,4960.292329,2754.773466,0.678440523
2017/12/5 0:00,0.905123859,0.099412754,4994.386333,2698.69875,0.669239772
2017/12/6 0:00,0.896771147,0.098693505,5054.299169,2643.747597,0.678388544
2017/12/7 0:00,0.88922389,0.098061554,5061.780436,2631.685447,0.669212021
2017/12/8 0:00,0.896624064,0.099592358,4972.151898,2757.648358,0.678379291
2017/12/9 0:00,0.889222106,0.098961458,4920.588698,2815.396819,0.669220814
2017/12/10 0:00,0.888775645,0.100220986,4928.964482,2757.679662,0.678370247
2017/12/11 0:00,0.898138403,0.098515682,4936.761744,2778.788359,0.678431311
2017/12/12 0:00,0.898467947,0.097339138,4892.742398,2817.443283,0.678440549
2017/12/13 0:00,0.895861561,0.098061554,4937.451187,2711.451738,0.67839325
2017/12/14 0:00,0.888001554,0.101029217,5003.54628,2679.137395,0.678364622
2017/12/15 0:00,0.888899207,0.100220986,5017.421967,2607.919499,0.669207147
2017/12/16 0:00,0.888800323,0.100311436,4891.590061,2818.771469,0.669227212
2017/12/17 0:00,0.888200523,0.098871976,4877.310142,2797.77241,0.669213696
2017/12/18 0:00,0.888813965,0.099502474,4897.619494,2795.379559,0.687559448
2017/12/19 0:00,0.896120337,0.098061554,4895.762238,2790.270651,0.678421632
2017/12/20 0:00,0.89619847,0.096440703,4869.527859,2824.162228,0.67841671
2017/12/21 0:00,0.896360423,0.097884543,4940.733774,2711.12027,0.678459015
2017/12/22 0:00,0.896360027,0.098604515,4968.468991,2687.731045,0.678430005
2017/12/23 0:00,0.896224346,0.097339138,4979.970481,2660.62271,0.669271475
2017/12/24 0:00,0.89647959,0.097075582,4985.86124,0,0.669278755
2017/12/25 0:00,0.896587904,0.097075582,5014.454783,2722.856461,0.669298945
2017/12/26 0:00,0.896599833,0.097163275,4990.518634,2649.623683,0.669306805
2017/12/27 0:00,0.896587643,0.095543891,4995.206317,2637.468006,0.669292544
2017/12/28 0:00,0.896644039,0.095630273,5000.909908,2624.187104,0.669320514
2017/12/29 0:00,0.896742301,0.097075582,5002.55288,2619.294874,0.669315797
2017/12/30 0:00,0.896468793,0.096353583,5004.5343,2610.797044,0.669302376
2017/12/31 0:00,0.896474188,0.097884543,5009.769071,2605.204337,0.669303923
2018/1/1 0:00,0.89644309,0.096179813,5013.3966,2588.626648,0.669299478
2018/1/2 0:00,0.896501057,0.095543891,5010.272099,2588.236231,0.669307299
2018/1/3 0:00,0.879988995,0.098782666,5014.05377,2578.109522,0.669158836
2018/1/4 0:00,0.879170476,0.099772617,5016.304308,2573.987021,0.660004741
2018/1/5 0:00,0.879718458,0.101120397,4796.103274,3017.812183,0.678389931
2018/1/6 0:00,0.887363346,0.098693505,4825.071392,2869.268372,0.669241092
2018/1/7 0:00,0.887585623,0.096440703,4772.322064,2884.939861,0.669249981
2018/1/8 0:00,0.878870049,0.099592358,4866.04247,2745.430438,0.669220608
2018/1/9 0:00,0.878169323,0.099592358,4898.093293,2712.526376,0.660039465
2018/1/10 0:00,0.877973642,0.099772617,4877.922275,2757.630933,0.660021302
2018/1/11 0:00,0.878217348,0.098871976,4785.603756,2851.471989,0.669216296
2018/1/12 0:00,0.877997444,0.099592358,4789.962975,2826.863418,0.669226637
2018/1/13 0:00,0.879028493,0.099592358,4792.18199,2819.973153,0.660092931
2018/1/14 0:00,0.880122726,0.098782666,4797.839059,2815.12956,0.669269835
2018/1/15 0:00,0.880103767,0.099592358,4791.80756,2840.832163,0.669239922
2018/1/16 0:00,0.87089416,0.098871976,4857.922755,2732.401051,0.66004864
2018/1/17 0:00,0.869994055,0.099682406,4871.891737,2721.885852,0.660045653
2018/1/18 0:00,0.870363326,0.098782666,4829.500957,2816.255164,0.660050254
2018/1/19 0:00,0.870187871,0.098782666,4765.730402,2836.363835,0.660038304
2018/1/20 0:00,0.869725895,0.099592358,4754.590413,2835.926475,0.660059443
2018/1/21 0:00,0.870946237,0.098693505,4770.544222,2815.724531,0.660089884
2018/1/22 0:00,0.870955717,0.097972974,4755.920305,2840.661694,0.66009489
2018/1/23 0:00,0.87768963,0.099502474,4750.217576,2850.569099,0.660086111
2018/1/24 0:00,0.8617314,0.099682406,4814.955183,2749.494857,0.650885717
2018/1/25 0:00,0.861230512,0.100492828,4821.581219,2741.776647,0.650871758
2018/1/26 0:00,0.861264579,0.099592358,4771.502346,2847.490215,0.650871718
2018/1/27 0:00,0.860697308,0.099682406,4697.091514,2889.299516,0.650883365
2018/1/28 0:00,0.860280855,0.098239198,4692.76288,2863.67555,0.650867357
2018/1/29 0:00,0.869261217,0.097972974,4687.107723,2877.612905,0.650907524
2018/1/30 0:00,0.870103303,0.098061554,4671.044992,2891.08141,0.660118123
2018/1/31 0:00,0.870436377,0.097075582,4674.185661,2886.724699,0.660108066
2018/2/1 0:00,0.860559738,0.097251125,4808.03546,2719.262045,0.641722559
2018/2/2 0:00,0.861094794,0.098782666,4772.049963,0,0.65090813
2018/2/3 0:00,0.861596158,0.098061554,4756.563654,2905.521078,0.641766831
2018/2/4 0:00,0.861476047,0.098061554,4705.610922,2837.835234,0.641756218
2018/2/5 0:00,0.868958543,0.098604515,4729.893193,2777.80572,0.650945042
2018/2/6 0:00,0.870207059,0.097163275,4739.268361,2767.009605,0.650965055
2018/2/7 0:00,0.87069488,0.096353583,4733.58067,2770.181092,0.65098962
2018/2/8 0:00,0.870836168,0.096353583,4810.084193,2670.045159,0.650968032
2018/2/9 0:00,0.870861152,0.094734199,4838.553946,2643.030715,0.650967902
2018/2/10 0:00,0.870960678,0.096353583,4848.632861,2630.062845,0.650985291
2018/2/11 0:00,0.871003209,0.095630273,4855.211342,2608.389873,0.641823774
2018/2/12 0:00,0.870904373,0.097075582,4857.446145,2611.954298,0.641825359
2018/2/13 0:00,0.870834731,0.097075582,4861.509127,2603.048418,0.64181634
2018/2/14 0:00,0.87076508,0.095630273,4863.42974,2594.75218,0.641814647
2018/2/15 0:00,0.870702103,0.095630273,4866.150896,2584.533911,0.641814208
2018/2/16 0:00,0.870580367,0.096988052,4866.979537,2567.081264,0.641827061
2018/2/17 0:00,0.870418432,0.097075582,4867.636197,2574.690693,0.641824071
2018/2/18 0:00,0.870234996,0.09626662,4867.105179,2573.769016,0.641827058
2018/2/19 0:00,0.869943074,0.096353583,4864.730788,2563.738144,0.641846745
2018/2/20 0:00,0.870696449,0.094819844,4863.168667,0,0.632617589
2018/2/21 0:00,0.869387624,0.095543891,4898.980637,2644.049574,0.641773066
2018/2/22 0:00,0.86178955,0.097251125,4779.426186,2719.355362,0.641766911
2018/2/23 0:00,0.870576962,0.097075582,4845.237073,2615.810062,0.64182363
2018/2/24 0:00,0.870497908,0.096353583,4793.393653,2632.37171,0.641793808
2018/2/25 0:00,0.861810944,0.096353583,4827.351467,2532.862172,0.64179754
2018/2/26 0:00,0.852652081,0.098604515,4866.963263,2525.894492,0.632614558
2018/2/27 0:00,0.852691301,0.098061554,4870.370658,2494.660846,0.632644681
2018/2/28 0:00,0.85271185,0.097251125,4770.743639,2616.091658,0.641822906
2018/3/1 0:00,0.852707438,0.097884543,4716.50492,2646.544039,0.632654688
2018/3/2 0:00,0.852521465,0.097884543,4726.849223,2628.794437,0.63266571
2018/3/3 0:00,0.861954792,0.097075582,4732.381105,2618.685583,0.64188418
2018/3/4 0:00,0.868693865,0.094819844,4710.271066,2639.966285,0.641862795
2018/3/5 0:00,0.86074698,0.095543891,4761.211683,2521.722533,0.623525943
2018/3/6 0:00,0.852285922,0.095543891,4839.44963,2499.911292,0.632658439
2018/3/7 0:00,0.85178665,0.097163275,4848.779374,2478.787599,0.632669966
2018/3/8 0:00,0.85223205,0.096353583,4762.319993,2574.796569,0.632649997
2018/3/9 0:00,0.851585878,0.096615411,4708.959626,2619.654599,0.632656705
2018/3/10 0:00,0.851269621,0.097251125,4712.068946,2588.483878,0.632655304
2018/3/11 0:00,0.860229525,0.096179813,4711.850542,2607.717422,0.641867678
2018/3/12 0:00,0.860758898,0.097075582,4697.897117,2620.638594,0.632691168
2018/3/13 0:00,0.860087559,0.096353583,4732.617236,2537.971907,0.632718343
2018/3/14 0:00,0.843549327,0.097075582,4807.435044,2481.349506,0.632665635
2018/3/15 0:00,0.842245257,0.097251125,4819.076579,2475.552868,0.623485762
2018/3/16 0:00,0.870463736,0.0939245,4762.384349,2565.172418,0.623608879
2018/3/17 0:00,0.859884596,0.096179813,4663.710466,2599.623561,0.614439888
2018/3/18 0:00,0.833305175,0.099412754,4636.225554,1628.032077,0.614332249
2018/3/19 0:00,0.815995042,0.101120397,0,1236.437937,0.614295444
2018/3/20 0:00,0.83230627,0.096527979,4895.255376,2277.14561,0.614363234
2018/3/21 0:00,0.832356115,0.097339138,4738.143934,2505.384229,0.614389509
2018/3/22 0:00,0.825301975,0.098061554,4515.208061,2700.831068,0.614391248
2018/3/23 0:00,0.805853829,0.101303257,4486.711209,2608.244918,0.605117407
2018/3/24 0:00,0.788450063,0.103734531,4584.690707,2518.499114,0.595926187
2018/3/25 0:00,0.788066026,0.103640832,4466.478839,2745.486404,0.595929779
2018/3/26 0:00,0.779285091,0.103828415,4282.056455,0,0.595928271
2018/3/27 0:00,0.779270212,0.106686853,4291.03826,3061.308497,0.595915543
2018/3/28 0:00,0.788524862,0.102831133,4172.633732,2996.200438,0.595988086
2018/3/29 0:00,0.796377548,0.101211749,4143.024721,2974.059955,0.605169807
2018/3/30 0:00,0.788201752,0.100492828,4097.509443,3033.683645,0.577639106
2018/3/31 0:00,0.770117536,0.105260216,4165.027576,2849.95551,0.586762269
2018/4/1 0:00,0.770102251,0.105260216,4261.140174,2778.459586,0.586737951
2018/4/2 0:00,0.760908928,0.105355382,4291.438585,2745.070023,0.577553896
2018/4/3 0:00,0.760913473,0.106069915,4137.119504,2972.263033,0.577555133
2018/4/4 0:00,0.751740478,0.105450734,4029.760698,3046.058456,0.568389165
2018/4/5 0:00,0.769131138,0.105260216,4013.245457,3048.964372,0.58679733
2018/4/6 0:00,0.770167483,0.10354729,3975.902172,3074.917138,0.577635523
2018/4/7 0:00,0.770184884,0.102831133,3953.168122,3081.526259,0.586800684
2018/4/8 0:00,0.75177021,0.10454496,3866.606427,3209.883977,0.568413343
2018/4/9 0:00,0.742565292,0.106069915,4046.420263,2930.516137,0.559219723
2018/4/10 0:00,0.742578297,0.106165811,4101.779681,2873.612033,0.559223016
2018/4/11 0:00,0.742547636,0.106069915,4131.641687,2829.516657,0.559204655
2018/4/12 0:00,0.742561702,0.10454496,3883.716467,3136.759802,0.559216915
2018/4/13 0:00,0.742575102,0.107689299,3829.545051,3146.58769,0.550055279
2018/4/14 0:00,0.733380425,0.106165811,3830.998059,3149.478186,0.550035649
2018/4/15 0:00,0.733375589,0.107689299,3812.186002,3134.837892,0.5500353
2018/4/16 0:00,0.733367219,0.106261894,3779.74872,3181.899307,0.550024877
2018/4/17 0:00,0.724222965,0.106165811,3757.233148,3216.039046,0.550042919
2018/4/18 0:00,0.724205217,0.106976241,3716.999261,3232.054677,0.540860478
2018/4/19 0:00,0.733406148,0.106783137,3700.874572,3237.445045,0.550053768
2018/4/20 0:00,0.742605695,0.103922457,3708.999649,3245.491716,0.559239794
2018/4/21 0:00,0.742614889,0.102113679,3677.937575,3245.741756,0.559253392
2018/4/22 0:00,0.742159412,0.104356252,3697.203101,3199.617887,0.550103752
2018/4/23 0:00,0.742637399,0.10229867,3769.030292,3125.026317,0.550108282
2018/4/24 0:00,0.74210632,0.105260216,3856.968418,3020.169577,0.550099299
2018/4/25 0:00,0.742643485,0.10454496,3869.639904,3016.622568,0.559277561
2018/4/26 0:00,0.742634469,0.103640832,3838.31218,3009.32588,0.55010084
2018/4/27 0:00,0.742524386,0.103734531,3860.889981,2990.13886,0.559268562
2018/4/28 0:00,0.742658588,0.103017256,3848.421823,2981.139092,0.55011893
2018/4/29 0:00,0.742636031,0.103640832,3881.640263,2964.608153,0.550103218
2018/4/30 0:00,0.742555449,0.10354729,3891.640108,2950.577466,0.550118905
2018/5/1 0:00,0.742331948,0.102831133,3876.531277,2945.358746,0.550100828
2018/5/2 0:00,0.742046464,0.102206096,3907.015048,2918.984309,0.559282121
2018/5/3 0:00,0.733474229,0.10229867,3888.812244,2921.202994,0.550108291
2018/5/4 0:00,0.770158923,0.099682406,3884.655837,2923.437173,0.559280724
2018/5/5 0:00,0.760903304,0.099772617,3874.984026,2925.733785,0.559296022
2018/5/6 0:00,0.742667628,0.103017256,3869.047676,2893.376032,0.559289615
2018/5/7 0:00,0.742646548,0.102924109,4132.810824,2786.035301,0.550111375
2018/5/8 0:00,0.742449486,0.10229867,4044.437499,0,0.550089721
2018/5/9 0:00,0.742069989,0.10507039,4076.497917,2994.014452,0.540954075
2018/5/10 0:00,0.733477292,0.102924109,3932.827243,2887.609503,0.550112887
2018/5/11 0:00,0.733493271,0.102924109,3877.561718,2899.577762,0.540954533
2018/5/12 0:00,0.733495748,0.104356252,3865.546606,2895.781037,0.540957633
2018/5/13 0:00,0.724328976,0.101929359,3875.641608,0,0.531783967
2018/5/14 0:00,0.724331125,0.10354729,3980.297086,3024.265601,0.540951529
2018/5/15 0:00,0.724249502,0.10354729,3874.049218,2874.377513,0.531735307
2018/5/16 0:00,0.724024208,0.103640832,3865.581975,2842.409259,0.531722091
2018/5/17 0:00,0.715090287,0.103640832,3811.190814,2870.689747,0.531732595
2018/5/18 0:00,0.715081993,0.102924109,3762.816307,2893.142108,0.522555832
2018/5/19 0:00,0.723901054,0.10354729,3751.80073,2895.220311,0.540900181
2018/5/20 0:00,0.724334303,0.101211749,3738.441504,0,0.540953096
2018/5/21 0:00,0.715125055,0.10454496,3810.002647,3069.59235,0.531756985
2018/5/22 0:00,0.705955721,0.105974175,3728.816761,2906.907855,0.531756087
2018/5/23 0:00,0.705934394,0.105260216,3865.431674,2586.045508,0.522579101
2018/5/24 0:00,0.705928574,0.107495092,3764.894083,2908.014778,0.522576301
2018/5/25 0:00,0.696781993,0.106879607,3692.141935,2925.01342,0.522582304
2018/5/26 0:00,0.696772948,0.106879607,3639.907439,2979.590586,0.522580849
2018/5/27 0:00,0.696751875,0.105450734,3588.34555,3018.402162,0.513393564
2018/5/28 0:00,0.696755882,0.106686853,3567.080654,3027.198792,0.513393364
2018/5/29 0:00,0.696788107,0.106069915,3547.424523,,0.522591423
2018/5/30 0:00,0.696759232,0.105974175,3610.15789,3236.164057,0.522564089
2018/5/31 0:00,0.687582369,0.107689299,3551.800192,3034.746324,0.513393305
2018/6/1 0:00,0.687570361,0.106069915,3546.003041,3022.777392,0.50421657
2018/6/2 0:00,0.678381749,0.109111555,3560.253044,2998.449799,0.504204723
2018/6/3 0:00,0.678402825,0.108498991,3522.706385,3038.933171,0.495055102
2018/6/4 0:00,0.678389308,0.108401068,3490.175673,3052.010974,0.495037037
2018/6/5 0:00,0.678386214,0.107073054,3463.629035,3059.479398,0.495041516
2018/6/6 0:00,0.678381557,0.107689299,3389.692307,3132.99338,0.495036863
2018/6/7 0:00,0.678411907,0.108498991,3345.177618,3158.008593,0.495053649
2018/6/8 0:00,0.669214087,0.107786663,3358.771113,3131.447064,0.495038556
2018/6/9 0:00,0.669215487,0.109111555,3370.052206,0,0.485864775
2018/6/10 0:00,0.669223088,0.108597092,3442.470529,3324.287277,0.485870817
2018/6/11 0:00,0.669230593,0.107689299,3358.505468,3143.212415,0.495049109
2018/6/12 0:00,0.669215531,0.108498991,3327.302641,3160.352286,0.485870794
2018/6/13 0:00,0.660065972,0.109407514,3296.555322,3170.398903,0.485882891
2018/6/14 0:00,0.660041162,0.107884213,3290.099872,3175.039705,0.485856907
2018/6/15 0:00,0.66004937,0.108498991,3271.413025,3189.132994,0.495031013
2018/6/16 0:00,0.660051102,0.10930869,3260.428334,3190.273562,0.485872361
2018/6/17 0:00,0.660036669,0.108498991,3250.991461,3199.914182,0.485864845
2018/6/18 0:00,0.69664967,0.103734531,3242.882186,3198.61733,0.495042966
2018/6/19 0:00,0.678396426,0.106783137,3265.272452,3168.555358,0.485880014
2018/6/20 0:00,0.669226199,0.106879607,3264.678785,3164.305737,0.485873923
2018/6/21 0:00,0.669208112,0.107786663,3290.335569,3169.681247,0.476692621
2018/6/22 0:00,0.660051015,0.107884213,3540.299907,3061.933279,0.47670623
2018/6/23 0:00,0.660034773,0.108498991,3407.239816,3110.463003,0.467518765
2018/6/24 0:00,0.660043401,0.109407514,3333.146914,3149.197001,0.47670079
2018/6/25 0:00,0.66006479,0.109210029,3285.96008,3162.399626,0.476710064
2018/6/26 0:00,0.660067568,0.108695373,3248.97606,3180.883625,0.467549233
2018/6/27 0:00,0.660062905,0.106261894,3226.117381,3189.414722,0.476703052
2018/6/28 0:00,0.650902624,0.107884213,3201.211427,3193.823261,0.458381194
2018/6/29 0:00,0.6417156,0.109111555,3210.305224,3161.853217,0.458367085
2018/6/30 0:00,0.641700485,0.109407514,3258.18026,3037.543877,0.449192602
2018/7/1 0:00,0.63253703,0.108695373,3217.883697,3142.181698,0.430851216
2018/7/2 0:00,0.632521336,0.110118382,3169.649719,3144.587772,0.430840609
2018/7/3 0:00,0.623372542,0.111028366,3113.056763,3198.025663,0.430861643
2018/7/4 0:00,0.623343967,0.111737773,3052.3856,3258.881996,0.430845056
2018/7/5 0:00,0.623363582,0.110217944,3009.935439,3279.756562,0.430857163
2018/7/6 0:00,0.623378625,0.110827953,2977.652219,3293.100085,0.440027906
2018/7/7 0:00,0.623357314,0.110118382,2958.9492,3299.304689,0.440015653
2018/7/8 0:00,0.63251477,0.109919794,2943.543328,3311.333976,0.440020376
2018/7/9 0:00,0.623312083,0.109605715,2970.668186,3259.616445,0.430825556
2018/7/10 0:00,0.614135651,0.111838795,2984.589863,3244.460425,0.421638294
2018/7/11 0:00,0.614144638,0.112445883,2986.058591,3233.804499,0.412491672
2018/7/12 0:00,0.614131083,0.111128852,3006.964828,3210.226766,0.412481093
2018/7/13 0:00,0.60496314,0.112649217,2907.825229,3296.053223,0.41247644
2018/7/14 0:00,0.604977398,0.111838795,2872.028954,3312.505779,0.412488665
2018/7/15 0:00,0.604981476,0.112445883,2853.513699,3318.255759,0.421651801
2018/7/16 0:00,0.614168858,0.110417612,2839.185828,3325.396201,0.421668493
2018/7/17 0:00,0.604973453,0.112445883,2821.857832,3337.677336,0.421640801
2018/7/18 0:00,0.604999561,0.112445883,2810.608125,3349.005284,0.412494746
2018/7/19 0:00,0.595813781,0.112547465,2853.732299,3279.100335,0.394156267
2018/7/20 0:00,0.595808669,0.112649217,2862.310514,3268.460183,0.403311403
2018/7/21 0:00,0.586632513,0.113357157,2839.732694,3274.238904,0.394136665
2018/7/22 0:00,0.586635556,0.111940011,2804.967774,3312.083872,0.394151749
2018/7/23 0:00,0.586617167,0.113562331,2742.281125,3347.302173,0.384962796
2018/7/24 0:00,0.586640008,0.114063807,2721.281427,3363.256833,0.384987099
2018/7/25 0:00,0.577461815,0.113562331,2690.173011,3370.363946,0.384972021
2018/7/26 0:00,0.577455722,0.113459647,2670.829234,3383.504268,0.38497202
2018/7/27 0:00,0.577453709,0.114166848,2654.376105,3390.160481,0.375810347
2018/7/28 0:00,0.59584867,0.112445883,2620.392385,3403.597546,0.421673128
2018/7/29 0:00,0.6050331,0.110827953,2605.829928,3408.253776,0.430860457
2018/7/30 0:00,0.605037642,0.110928074,2589.361623,,0.430859027
2018/7/31 0:00,0.605031006,0.112344489,2693.484955,3589.658648,0.430854513
2018/8/1 0:00,0.605036133,0.111737773,2804.141277,3228.868682,0.430859004
2018/8/2 0:00,0.605038677,0.110928074,2850.89075,3178.416573,0.430862031
2018/8/3 0:00,0.605057359,0.111536257,2868.560361,3158.136,0.430862105
2018/8/4 0:00,0.605047996,0.110018991,2876.906099,3149.433189,0.430869591
2018/8/5 0:00,0.605060293,0.110928074,2876.312649,3146.167667,0.430881604
2018/8/6 0:00,0.595870728,0.111636922,2877.219144,3139.996326,0.385029219
2018/8/7 0:00,0.586715364,0.112649217,2876.266183,3136.933782,0.375866076
2018/8/8 0:00,0.577538605,0.114063807,2874.500278,3118.683794,0.36669092
2018/8/9 0:00,0.568354275,0.112751171,2665.61047,3659.124675,0.35751106
2018/8/10 0:00,0.559178593,0.116490699,2792.842479,3356.893317,0.348338412
2018/8/11 0:00,0.559195408,0.115080498,2670.967552,3338.895745,0.33918031
2018/8/12 0:00,0.550028027,0.114872769,2582.596227,3387.675868,0.339180219
2018/8/13 0:00,0.550035568,0.114270069,2528.14394,3411.753534,0.330018603
2018/8/14 0:00,0.550004738,0.116490699,2487.035228,3427.956386,0.330002002
2018/8/15 0:00,0.550031045,0.11437349,2451.645286,3425.722252,0.339181826
2018/8/16 0:00,0.550017021,0.11437349,2417.882299,3439.128375,0.330012324
2018/8/17 0:00,0.540876889,0.117299661,2404.552408,3440.315671,0.320858467
2018/8/18 0:00,0.540872452,0.115681738,2382.849386,3442.644141,0.330026164
2018/8/19 0:00,0.540870662,0.11578624,2415.646439,3386.225336,0.330022972
2018/8/20 0:00,0.531689636,0.117405631,2393.787142,3398.377062,0.311678737
2018/8/21 0:00,0.522521965,0.117511779,2344.131673,3436.019384,0.311678064
2018/8/22 0:00,0.522524862,0.118108623,2386.53749,3346.708624,0.311675703
2018/8/23 0:00,0.531709227,0.116595931,2365.085376,3375.004906,0.320858483
2018/8/24 0:00,0.531718304,0.117405631,2251.14882,3468.518532,0.320863026
2018/8/25 0:00,0.531684895,0.11518465,2233.774393,3474.362055,0.320844954
2018/8/26 0:00,0.53171379,0.115995809,2255.742214,3418.754009,0.320869082
2018/8/27 0:00,0.540892113,0.115080498,2301.66377,3385.098594,0.33920753
2018/8/28 0:00,0.531713322,0.115890928,2316.195052,3368.598753,0.330022987
2018/8/29 0:00,0.531710902,0.11578624,2319.710591,3353.208603,0.320858547
2018/8/30 0:00,0.522529573,0.117299661,2335.647888,3326.631196,0.311681857
2018/8/31 0:00,0.522538613,0.117299661,2388.881477,3273.351132,0.311686371
2018/9/1 0:00,0.52253559,0.117405631,2363.678942,3273.570142,0.311689271
2018/9/2 0:00,0.513355108,0.117405631,2312.226544,3291.850516,0.302508275
2018/9/3 0:00,0.504187917,0.119510829,2283.945552,3307.053498,0.284176934
2018/9/4 0:00,0.495030976,0.118917584,2267.539622,3308.412654,0.275021616
2018/9/5 0:00,0.495023435,0.118810363,2244.25877,3310.336562,0.284175647
2018/9/6 0:00,0.495012041,0.115890928,2168.541096,3361.848832,0.284176938
2018/9/7 0:00,0.495012964,0.119025014,2105.729703,3386.098336,0.275012548
2018/9/8 0:00,0.495054851,0.119025014,2081.386579,3389.317052,0.275035078
2018/9/9 0:00,0.485891598,0.117405631,2090.901765,3361.052067,0.265862615
2018/9/10 0:00,0.485885778,0.119025014,2075.011294,3360.333048,0.256698236
2018/9/11 0:00,0.495048651,0.11437349,2038.886949,3365.207584,0.256681286
2018/9/12 0:00,0.467547545,0.117405631,2030.809002,3369.145187,0.229186133
2018/9/13 0:00,0.45839344,0.117511779,2003.824935,3358.786171,0.220030543
2018/9/14 0:00,0.44921228,0.118322201,1986.184659,1296.102577,0.220030528
2018/9/15 0:00,0.430880644,0.118429288,0,1655.363059,0.201690593
2018/9/16 0:00,0.421690804,0.119943053,2119.354828,3017.433734,0.192512112
2018/9/17 0:00,0.42170006,0.121454097,1953.326616,3083.229222,0.18334321
2018/9/18 0:00,0.403369245,0.119240448,1740.142377,3140.712408,0.165015303
2018/9/19 0:00,0.394183455,0.120753482,1676.739399,3139.868651,0.165009366
2018/9/20 0:00,0.394183456,0.120862767,1631.472266,3132.681186,0.165003278
2018/9/21 0:00,0.394200005,0.120644405,1594.504188,3136.665095,0.165022883
2018/9/22 0:00,0.394191016,0.121454097,1560.660976,3130.540534,0.165009359
2018/9/23 0:00,0.394183245,0.120644405,1530.083293,3126.821903,0.174180049
2018/9/24 0:00,0.394186535,0.119943053,1476.224884,3116.465243,0.165009288
2018/9/25 0:00,0.385033605,0.120535515,1473.209357,3117.572133,0.165021352
2018/9/26 0:00,0.37586618,0.121344477,1483.207317,3095.963254,0.155850661
2018/9/27 0:00,0.375866214,0.119943053,1517.161838,3084.463486,0.146678504
2018/9/28 0:00,0.366675627,0.122851528,1507.989993,3081.80707,0.146672225
2018/9/29 0:00,0.256677191,0.120862767,1489.021779,3071.369821,0.100835537
2018/9/30 0:00,0.357517223,0.121454097,1466.988805,3082.994743,0.146676963
2018/10/1 0:00,0.357541323,0.122153439,1417.007115,3075.041623,0.137516924
2018/10/2 0:00,0.357551843,0.120972238,1373.992472,3071.854228,0.137521349
2018/10/3 0:00,0.348383066,0.122374333,1314.571234,3081.088412,0.128351902
2018/10/4 0:00,0.339208712,0.120862767,1294.728013,3057.979384,0.12834781
2018/10/5 0:00,0.348375175,0.120862767,1269.603382,,0.128349779
2018/10/6 0:00,0.34837515,0.120753482,1542.27089,,0.137514447
2018/10/7 0:00,0.35755797,0.121344477,1228.090695,3091.945466,0.14669358
2018/10/8 0:00,0.3575414,0.120644405,1214.120083,3044.823534,0.137518404
2018/10/9 0:00,0.348374927,0.120644405,1244.057246,3012.670286,0.137516628
2018/10/10 0:00,0.339218163,0.121454097,1255.711238,,0.1283529
2018/10/11 0:00,0.330024515,0.122851528,1535.380556,3328.912803,0.128343067
2018/10/12 0:00,0.33002747,0.120862767,1291.478395,3022.668035,0.119175411
2018/10/13 0:00,0.320859977,0.122263789,1290.0253,3007.262188,0.119174822
2018/10/14 0:00,0.320863036,0.123184755,1264.996494,3010.181684,0.119173923
2018/10/15 0:00,0.311695341,0.121784128,1195.105203,3015.480123,0.110007658
2018/10/16 0:00,0.311692338,0.123073488,1131.465166,3000.558469,0.110004729
2018/10/17 0:00,0.311701359,0.123073488,1112.934238,2992.917842,0.110012243
2018/10/18 0:00,0.302523671,0.121673927,1093.340609,2970.215062,0.110011361
2018/10/19 0:00,0.311695377,0.122374333,1076.531021,2967.980704,0.110015262
2018/10/20 0:00,0.311707401,0.123184755,1063.513048,2964.152567,0.110010739
2018/10/21 0:00,0.311687398,0.123073488,1047.779063,2951.762147,0.110001075
2018/10/22 0:00,0.302521672,0.123073488,1030.342209,2946.27785,0.110004758
2018/10/23 0:00,0.302529891,0.122374333,1014.201558,2940.043531,0.100843024
2018/10/24 0:00,0.302530392,0.123073488,1023.654241,2931.15314,0.110013696
2018/10/25 0:00,0.293367482,0.1229624,1036.341759,2927.592603,0.100846063
2018/10/26 0:00,0.467547545,0.117405631,1015.576556,2924.668728,0.229186133
2018/10/27 0:00,0.45839344,0.117511779,988.7487628,2914.559664,0.220030543
2018/10/28 0:00,0.44921228,0.118322201,1000.186124,2896.936965,0.220030528
2018/10/29 0:00,0.430880644,0.118429288,0,1655.363059,0.201690593
2018/10/30 0:00,0.421690804,0.119943053,2119.354828,3017.433734,0.192512112
2018/10/31 0:00,0.42170006,0.121454097,1953.326616,3083.229222,0.18334321
2018/11/1 0:00,0.412529309,0.120644405,1893.249409,3085.588605,0.174180019
2018/11/2 0:00,0.403354139,0.119834706,1859.718648,3113.291355,0.174173976
2018/11/3 0:00,0.403369245,0.119240448,1740.142377,3140.712408,0.165015303
2018/11/4 0:00,0.394183455,0.120753482,1676.739399,3139.868651,0.165009366
2018/11/5 0:00,0.394183456,0.120862767,1631.472266,3132.681186,0.165003278
2018/11/6 0:00,0.394200005,0.120644405,1594.504188,3136.665095,0.165022883
2018/11/7 0:00,0.394191016,0.121454097,1560.660976,3130.540534,0.165009359
2018/11/8 0:00,0.394183245,0.120644405,1530.083293,3126.821903,0.174180049
2018/11/9 0:00,0.394186535,0.119943053,1476.224884,3116.465243,0.165009288
2018/11/10 0:00,0.385033605,0.120535515,1473.209357,3117.572133,0.165021352
2018/11/11 0:00,0.37586618,0.121344477,1483.207317,3095.963254,0.155850661
2018/11/12 0:00,0.375866214,0.119943053,1517.161838,3084.463486,0.146678504
2018/11/13 0:00,0.366675627,0.122851528,1507.989993,3081.80707,0.146672225
2018/11/14 0:00,0.256677191,0.120862767,1489.021779,3071.369821,0.100835537
2018/11/15 0:00,0.357517223,0.121454097,1466.988805,3082.994743,0.146676963
2018/11/16 0:00,0.357541323,0.122153439,1417.007115,3075.041623,0.137516924
2018/11/17 0:00,0.357551843,0.120972238,1373.992472,3071.854228,0.137521349
2018/11/18 0:00,0.348383066,0.122374333,1314.571234,3081.088412,0.128351902
2018/11/19 0:00,0.339208712,0.120862767,1294.728013,3057.979384,0.12834781
2018/11/20 0:00,0.348375175,0.120862767,1269.603382,0,0.128349779
2018/11/21 0:00,0.34837515,0.120753482,1542.27089,0,0.137514447
2018/11/22 0:00,0.35755797,0.121344477,1228.090695,3091.945466,0.14669358
2018/11/23 0:00,0.3575414,0.120644405,1214.120083,3044.823534,0.137518404
2018/11/24 0:00,0.348374927,0.120644405,1244.057246,3012.670286,0.137516628
2018/11/25 0:00,0.339218163,0.121454097,1255.711238,0,0.1283529
2018/11/26 0:00,0.330024515,0.122851528,1535.380556,3328.912803,0.128343067
2018/11/27 0:00,0.33002747,0.120862767,1291.478395,3022.668035,0.119175411
2018/11/28 0:00,0.320859977,0.122263789,1290.0253,3007.262188,0.119174822
2018/11/29 0:00,0.320863036,0.123184755,1264.996494,3010.181684,0.119173923
